C,gamma,MAE,R2
1,0.0001,37.10573478894251,0.6247767542199222
1,1e-05,49.60191199201023,0.3025743531290684
