C,gamma,MAE,R2
20,0.001,53.38285515023411,0.8383607679340866
30,0.001,60.763777713660176,0.8019254965227822
40,0.001,77.76073410699902,0.6922451813113762
