C,gamma,epsilon,MAE
10,10,0.0001,28.98893215160315
10,11,0.0001,28.5580697189815
